Mother	E	L
84-1	E1	L1-1
43-1	E2	L1-2
43-1	E3	L1-3
43-3	E4	L1-4
43-3	E5	L1-5
43-3	E6	L1-6
43-4	E7	L1-7
43-4	E8	L1-8
43-1	E9	L1-9
43-1	E10	L1-10
224-2	E11	L1-11
278-1	E12	L1-12
43-2	E13	L1-13
43-2	E14	L1-14
43-3	E15	L1-15
331-1	E16	L1-16
341-1	E17	L1-17
351-1	E18	L1-18
43-4	E19	L1-19
382-2	E20	L1-20
384-1	E21	L1-21
421-1	E22	L1-22
422-1	E23	L1-23
UT 30x-1	E24	L1-24
AZ 22x-1	E25	L1-25
84-2	E26	L1-26
84-3	E27	L1-27
84-4	E28	L1-28
84-4	E29	L1-29
84-1	E30	L1-30
84-2	E31	L1-31
84-3	E32	L1-32
194-2	E33	L1-33
84-4	E34	L1-34
224-1	E35	L1-35
278-1	E36	L1-36
84-2	E37	L1-37
84-1	E38	L1-38
84-4	E39	L1-39
331-1	E40	L1-40
341-4	E41	L1-41
351-2	E42	L1-42
370-3	E43	L1-43
382-1	E44	L1-44
384-1	E45	L1-45
421-1	E46	L1-46
422-1	E47	L1-47
UT 30x-2	E48	L1-48
AZ 22x-1	E49	L1-49
85-1	E50	L1-50
85-3	E51	L1-51
85-4	E52	L1-52
85-4	E53	L1-53
85-1	E54	L1-54
85-1	E55	L1-55
194-1	E56	L1-56
214-2	E57	L1-57
224-2	E58	L1-58
278-2	E59	L1-59
85-1	E60	L1-60
85-3	E61	L1-61
85-2	E62	L1-62
331-2	E63	L1-63
341-3	E64	L1-64
85-3	E65	L1-65
370-3	E66	L1-66
382-1	E67	L1-67
384-2	E68	L1-68
421-2	E69	L1-69
422-2	E70	L1-70
UT 30x-2	E71	L1-71
AZ 22x-1	E72	L1-72
97-1	E73	L1-73
97-2	E74	L1-74
97-3	E75	L1-75
97-3	E76	L1-76
97-4	E77	L1-77
194-3	E78	L1-78
214-2	E79	L1-79
97-2	E80	L1-80
278-4	E81	L1-81
97-1	E82	L1-82
97-1	E83	L1-83
97-2	E84	L1-84
331-3	E85	L1-85
97-3	E86	L1-86
351-4	E87	L1-87
97-2	E88	L1-88
97-3	E89	L1-89
384-2	E90	L1-90
97-4	E91	L1-91
422-2	E92	L1-92
UT 30x-3	E93	L1-93
AZ 22x-2	E94	L1-94
133-1	E95	L1-95
133-1	E96	L1-96
133-2	E97	L1-97
133-3	E98	L1-98
133-3	E99	L1-99
133-3	E100	L1-100
224-4	E101	L1-101
278-4	E102	L1-102
133-1	E103	L1-103
133-4	E104	L1-104
133-4	E105	L1-105
331-3	E106	L1-106
133-1	E107	L1-107
351-1	E108	L1-108
133-2	E109	L1-109
133-3	E110	L1-110
384-2	E111	L1-111
133-4	E112	L1-112
422-2	E113	L1-113
UT 30x-4	E114	L1-114
AZ 22x-2	E115	L1-115
149-1	E116	L1-116
176-1	E117	L1-117
179-1	E118	L1-118
138-1	E119	L1-119
214-3	E120	L1-120
138-1	E121	L1-121
278-1	E122	L1-122
138-4	E123	L1-123
305-4	E124	L1-124
308-2	E125	L1-125
331-4	E126	L1-126
138-2	E127	L1-127
138-3	E128	L1-128
138-4	E129	L1-129
138-4	E130	L1-130
384-3	E131	L1-131
138-3	E132	L1-132
422-3	E133	L1-133
138-2	E134	L1-134
138-1	E135	L1-135
149-1	E136	L1-136
179-1	E137	L1-137
149-2	E138	L1-138
149-2	E139	L1-139
149-2	E140	L1-140
278-1	E141	L1-141
149-1	E142	L1-142
305-4	E143	L1-143
308-1	E144	L1-144
331-4	E145	L1-145
149-3	E146	L1-146
149-4	E147	L1-147
149-3	E148	L1-148
149-3	E149	L1-149
384-4	E150	L1-150
149-2	E151	L1-151
422-4	E152	L1-152
149-1	E153	L1-153
149-1	E154	L1-154
179-2	E155	L1-155
176-2	E156	L1-156
214-4	E157	L1-157
176-2	E158	L1-158
278-2	E159	L1-159
176-1	E160	L1-160
305-4	E161	L1-161
308-3	E162	L1-162
331-4	E163	L1-163
176-3	E164	L1-164
176-3	E165	L1-165
176-4	E166	L1-166
176-3	E167	L1-167
384-4	E168	L1-168
176-3	E169	L1-169
176-2	E170	L1-170
176-1	E171	L1-171
176-1	E172	L1-172
179-4	E173	L1-173
179-3	E174	L1-174
179-3	E175	L1-175
278-2	E176	L1-176
179-2	E177	L1-177
305-3	E178	L1-178
179-3	E179	L1-179
179-4	E180	L1-180
179-4	E181	L1-181
179-1	E182	L1-182
370-1	E183	L1-183
382-1	E184	L1-184
179-2	E185	L1-185
179-2	E186	L1-186
179-2	E187	L1-187
179-3	E188	L1-188
179-4	EX8	L1-189
214-1	E190	L1-190
224-1	E191	L1-191
278-3	E192	L1-192
194-3	E193	L1-193
305-1	E194	L1-194
194-3	E195	L1-195
331-3	E196	L1-196
341-2	E197	L1-197
194-3	E198	L1-198
370-1	E199	L1-199
382-2	E200	L1-200
384-1	E201	L1-201
421-1	E202	L1-202
422-1	E203	L1-203
UT 30x-1	E204	L1-204
AZ 22x-2	E205	L1-205
214-1	E206	L1-206
278-4	E207	L1-207
214-3	E208	L1-208
305-3	E209	L1-209
214-3	E210	L1-210
331-4	E211	L1-211
341-4	E212	L1-212
351-3	E213	L1-213
370-1	E214	L1-214
214-4	E215	L1-215
384-1	E216	L1-216
214-2	E217	L1-217
214-2	E218	L1-218
214-4	E219	L1-219
214-3	E220	L1-220
224-3	E221	L1-221
304-1	E222	L1-222
305-2	E223	L1-223
308-1	E224	L1-224
331-3	E225	L1-225
341-4	E226	L1-226
351-1	E227	L1-227
370-2	E228	L1-228
382-1	E229	L1-229
384-1	E230	L1-230
224-1	E231	L1-231
224-2	E232	L1-232
224-2	E233	L1-233
224-3	E234	L1-234
304-1	E235	L1-235
305-2	E236	L1-236
278-2	E237	L1-237
331-1	E238	L1-238
341-1	E239	L1-239
351-1	E240	L1-240
370-3	E241	L1-241
382-1	E242	L1-242
384-2	E243	L1-243
421-2	E244	L1-244
422-3	E245	L1-245
UT 30x-4	E246	L1-246
AZ 22x-4	E247	L1-247
304-2	E248	L1-248
304-3	E249	L1-249
304-3	E250	L1-250
304-4	E251	L1-251
351-3	E252	L1-252
304-4	E253	L1-253
304-3	E254	L1-254
304-3	E255	L1-255
304-2	E256	L1-256
304-1	E257	L1-257
UT 30x-4	E258	L1-258
304-3	E259	L1-259
305-1	E260	L1-260
305-1	E261	L1-261
305-4	E262	L1-262
305-4	E263	L1-263
370-2	E264	L1-264
305-4	E265	L1-265
305-3	E266	L1-266
305-3	E267	L1-267
305-2	E268	L1-268
305-1	E269	L1-269
305-1	E270	L1-270
308-4	E271	L1-271
308-4	E272	L1-272
351-2	E273	L1-273
308-3	E274	L1-274
382-4	E275	L1-275
384-4	E276	L1-276
421-3	E277	L1-277
422-2	E278	L1-278
UT 30x-3	E279	L1-279
AZ 22x-4	E280	L1-280
331-3	E281	L1-281
331-2	E282	L1-282
370-3	E283	L1-283
382-4	E284	L1-284
331-2	E285	L1-285
331-2	E286	L1-286
331-1	E287	L1-287
331-1	E288	L1-288
AZ 22x-4	E289	L1-289
341-2	E290	L1-290
370-3	E291	L1-291
382-3	E292	L1-292
341-2	E293	L1-293
341-3	E294	L1-294
341-1	E295	L1-295
UT 30x-4	E296	L1-296
AZ 22x-3	E297	L1-297
370-4	E298	L1-298
382-3	E299	L1-299
351-4	E300	L1-300
421-4	E301	L1-301
351-1	E302	L1-302
UT 30x-4	E303	L1-303
AZ 22x-3	E304	L1-304
382-2	E305	L1-305
370-4	E306	L1-306
421-3	E307	L1-307
370-1	E308	L1-308
UT 30x-3	E309	L1-309
AZ 22x-3	E310	L1-310
382-1	E311	L1-311
421-3	E312	L1-312
382-1	E313	L1-313
UT 30x-3	E314	L1-314
AZ 22x-2	E315	L1-315
421-2	E316	L1-316
384-1	E317	L1-317
UT 30x-2	E318	L1-318
AZ 22x-2	E319	L1-319
421-1	E320	L1-320
UT 30x-2	E321	L1-321
AZ 22x-2	E322	L1-322
UT 30x-1	E323	L1-323
AZ 22x-1	E324	L1-324
UT 30x-1	E325	L1-325
84-1	E1	L2-1
43-1	E2	L2-2
43-1	E3	L2-3
43-3	E4	L2-4
43-3	E5	L2-5
43-3	E6	L2-6
43-4	E7	L2-7
43-4	E8	L2-8
43-1	E9	L2-9
43-1	E10	L2-10
224-2	E11	L2-11
278-1	E12	L2-12
43-2	E13	L2-13
43-2	E14	L2-14
43-3	E15	L2-15
331-1	E16	L2-16
341-1	E17	L2-17
351-1	E18	L2-18
43-4	E19	L2-19
382-2	E20	L2-20
384-1	E21	L2-21
421-1	E22	L2-22
422-1	E23	L2-23
UT 30x-1	E24	L2-24
AZ 22x-1	E25	L2-25
84-2	E26	L2-26
84-3	E27	L2-27
84-4	E28	L2-28
84-4	E29	L2-29
84-1	E30	L2-30
84-2	E31	L2-31
84-3	E32	L2-32
194-2	E33	L2-33
84-4	E34	L2-34
224-1	E35	L2-35
278-1	E36	L2-36
84-2	E37	L2-37
84-1	E38	L2-38
84-4	E39	L2-39
331-1	E40	L2-40
341-4	E41	L2-41
351-2	E42	L2-42
370-3	E43	L2-43
382-1	E44	L2-44
384-1	E45	L2-45
421-1	E46	L2-46
422-1	E47	L2-47
UT 30x-2	E48	L2-48
AZ 22x-1	E49	L2-49
85-1	E50	L2-50
85-3	E51	L2-51
85-4	E52	L2-52
85-4	E53	L2-53
85-1	E54	L2-54
85-1	E55	L2-55
194-1	E56	L2-56
214-2	E57	L2-57
224-2	E58	L2-58
278-2	E59	L2-59
85-1	E60	L2-60
85-3	E61	L2-61
85-2	E62	L2-62
331-2	E63	L2-63
341-3	E64	L2-64
85-3	E65	L2-65
370-3	E66	L2-66
382-1	E67	L2-67
384-2	E68	L2-68
421-2	E69	L2-69
422-2	E70	L2-70
UT 30x-2	E71	L2-71
AZ 22x-1	E72	L2-72
97-1	E73	L2-73
97-2	E74	L2-74
97-3	E75	L2-75
97-3	E76	L2-76
97-4	E77	L2-77
194-3	E78	L2-78
214-2	E79	L2-79
97-2	E80	L2-80
278-4	E81	L2-81
97-1	E82	L2-82
97-1	E83	L2-83
97-2	E84	L2-84
331-3	E85	L2-85
97-3	E86	L2-86
351-4	E87	L2-87
97-2	E88	L2-88
97-3	E89	L2-89
384-2	E90	L2-90
97-4	E91	L2-91
422-2	E92	L2-92
UT 30x-3	E93	L2-93
AZ 22x-2	E94	L2-94
133-1	E95	L2-95
133-1	E96	L2-96
133-2	E97	L2-97
133-3	E98	L2-98
133-3	E99	L2-99
133-3	E100	L2-100
224-4	E101	L2-101
278-4	E102	L2-102
133-1	E103	L2-103
133-4	E104	L2-104
133-4	E105	L2-105
331-3	E106	L2-106
133-1	E107	L2-107
351-1	E108	L2-108
133-2	E109	L2-109
133-3	E110	L2-110
384-2	E111	L2-111
133-4	E112	L2-112
422-2	E113	L2-113
UT 30x-4	E114	L2-114
AZ 22x-2	E115	L2-115
149-1	E116	L2-116
176-1	E117	L2-117
179-1	E118	L2-118
138-1	E119	L2-119
214-3	E120	L2-120
138-1	E121	L2-121
278-1	E122	L2-122
138-4	E123	L2-123
305-4	E124	L2-124
308-2	E125	L2-125
331-4	E126	L2-126
138-2	E127	L2-127
138-3	E128	L2-128
138-4	E129	L2-129
138-4	E130	L2-130
384-3	E131	L2-131
138-3	E132	L2-132
422-3	E133	L2-133
138-2	E134	L2-134
138-1	E135	L2-135
149-1	E136	L2-136
179-1	E137	L2-137
149-2	E138	L2-138
149-2	E139	L2-139
149-2	E140	L2-140
278-1	E141	L2-141
149-1	E142	L2-142
305-4	E143	L2-143
308-1	E144	L2-144
331-4	E145	L2-145
149-3	E146	L2-146
149-4	E147	L2-147
149-3	E148	L2-148
149-3	E149	L2-149
384-4	E150	L2-150
149-2	E151	L2-151
422-4	E152	L2-152
149-1	E153	L2-153
149-1	E154	L2-154
179-2	E155	L2-155
176-2	E156	L2-156
214-4	E157	L2-157
176-2	E158	L2-158
278-2	E159	L2-159
176-1	E160	L2-160
305-4	E161	L2-161
308-3	E162	L2-162
331-4	E163	L2-163
176-3	E164	L2-164
176-3	E165	L2-165
176-4	E166	L2-166
176-3	E167	L2-167
384-4	E168	L2-168
176-3	E169	L2-169
176-2	E170	L2-170
176-1	E171	L2-171
176-1	E172	L2-172
179-4	E173	L2-173
179-3	E174	L2-174
179-3	E175	L2-175
278-2	E176	L2-176
179-2	E177	L2-177
305-3	E178	L2-178
179-3	E179	L2-179
179-4	E180	L2-180
179-4	E181	L2-181
179-1	E182	L2-182
370-1	E183	L2-183
382-1	E184	L2-184
179-2	E185	L2-185
179-2	E186	L2-186
179-2	E187	L2-187
179-3	E188	L2-188
179-4	EX8	L2-189
214-1	E190	L2-190
224-1	E191	L2-191
278-3	E192	L2-192
194-3	E193	L2-193
305-1	E194	L2-194
194-3	E195	L2-195
331-3	E196	L2-196
341-2	E197	L2-197
194-3	E198	L2-198
370-1	E199	L2-199
382-2	E200	L2-200
384-1	E201	L2-201
421-1	E202	L2-202
422-1	E203	L2-203
UT 30x-1	E204	L2-204
AZ 22x-2	E205	L2-205
214-1	E206	L2-206
278-4	E207	L2-207
214-3	E208	L2-208
305-3	E209	L2-209
214-3	E210	L2-210
331-4	E211	L2-211
341-4	E212	L2-212
351-3	E213	L2-213
370-1	E214	L2-214
214-4	E215	L2-215
384-1	E216	L2-216
214-2	E217	L2-217
214-2	E218	L2-218
214-4	E219	L2-219
214-3	E220	L2-220
224-3	E221	L2-221
304-1	E222	L2-222
305-2	E223	L2-223
308-1	E224	L2-224
331-3	E225	L2-225
341-4	E226	L2-226
351-1	E227	L2-227
370-2	E228	L2-228
382-1	E229	L2-229
384-1	E230	L2-230
224-1	E231	L2-231
224-2	E232	L2-232
224-2	E233	L2-233
224-3	E234	L2-234
304-1	E235	L2-235
305-2	E236	L2-236
278-2	E237	L2-237
331-1	E238	L2-238
341-1	E239	L2-239
351-1	E240	L2-240
370-3	E241	L2-241
382-1	E242	L2-242
384-2	E243	L2-243
421-2	E244	L2-244
422-3	E245	L2-245
UT 30x-4	E246	L2-246
AZ 22x-4	E247	L2-247
304-2	E248	L2-248
304-3	E249	L2-249
304-3	E250	L2-250
304-4	E251	L2-251
351-3	E252	L2-252
304-4	E253	L2-253
304-3	E254	L2-254
304-3	E255	L2-255
304-2	E256	L2-256
304-1	E257	L2-257
UT 30x-4	E258	L2-258
304-3	E259	L2-259
305-1	E260	L2-260
305-1	E261	L2-261
305-4	E262	L2-262
305-4	E263	L2-263
370-2	E264	L2-264
305-4	E265	L2-265
305-3	E266	L2-266
305-3	E267	L2-267
305-2	E268	L2-268
305-1	E269	L2-269
305-1	E270	L2-270
308-4	E271	L2-271
308-4	E272	L2-272
351-2	E273	L2-273
308-3	E274	L2-274
382-4	E275	L2-275
384-4	E276	L2-276
421-3	E277	L2-277
422-2	E278	L2-278
UT 30x-3	E279	L2-279
AZ 22x-4	E280	L2-280
331-3	E281	L2-281
331-2	E282	L2-282
370-3	E283	L2-283
382-4	E284	L2-284
331-2	E285	L2-285
331-2	E286	L2-286
331-1	E287	L2-287
331-1	E288	L2-288
AZ 22x-4	E289	L2-289
341-2	E290	L2-290
370-3	E291	L2-291
382-3	E292	L2-292
341-2	E293	L2-293
341-3	E294	L2-294
341-1	E295	L2-295
UT 30x-4	E296	L2-296
AZ 22x-3	E297	L2-297
370-4	E298	L2-298
382-3	E299	L2-299
351-4	E300	L2-300
421-4	E301	L2-301
351-1	E302	L2-302
UT 30x-4	E303	L2-303
AZ 22x-3	E304	L2-304
382-2	E305	L2-305
370-4	E306	L2-306
421-3	E307	L2-307
370-1	E308	L2-308
UT 30x-3	E309	L2-309
AZ 22x-3	E310	L2-310
382-1	E311	L2-311
421-3	E312	L2-312
382-1	E313	L2-313
UT 30x-3	E314	L2-314
AZ 22x-2	E315	L2-315
421-2	E316	L2-316
384-1	E317	L2-317
UT 30x-2	E318	L2-318
AZ 22x-2	E319	L2-319
421-1	E320	L2-320
UT 30x-2	E321	L2-321
AZ 22x-2	E322	L2-322
UT 30x-1	E323	L2-323
AZ 22x-1	E324	L2-324
UT 30x-1	E325	L2-325
